<?xml version="1.0" encoding="UTF-8"?>
<metadata xml:lang="en"><Esri><CreaDate>20230515</CreaDate><CreaTime>10230000</CreaTime><ArcGISFormat>1.0</ArcGISFormat><SyncOnce>TRUE</SyncOnce><DataProperties><lineage><Process ToolSource="c:\program files\arcgis\pro\Resources\ArcToolbox\toolboxes\Spatial Analyst Tools.tbx\ExtractByMask" Date="20230515" Time="102300">ExtractByMask USGS_13_n39w101_20230206_dsh3m.tif grid_AOI_chad D:\projects\DSHub\reampling\TEST\USGS_one_meter_x39y424_KS_Area1_2014_dsh3m.tif</Process><Process ToolSource="c:\program files\arcgis\pro\Resources\ArcToolbox\toolboxes\Data Management Tools.tbx\Rename" Date="20230515" Time="102634">Rename D:\projects\DSHub\reampling\TEST\USGS_one_meter_x39y424_KS_Area1_2014_dsh3m.tif D:\projects\DSHub\reampling\TEST\USGS_13_n39w101_20230206_dsh3m.tif RasterDataset</Process></lineage></DataProperties></Esri></metadata>
